time,variable,statistic,p
60,leu_conc,0.8893755633948626,0.35397301226661976
90,leu_conc,0.8836419057646566,0.32614135766469754
120,leu_conc,0.9680472633575535,0.8625788753124657
140,leu_conc,0.9514972978525815,0.7478804732401432
160,leu_conc,0.9382149695524964,0.6434724388234931
180,leu_conc,0.9230163197240248,0.5495822362206442
195,leu_conc,0.9499313173419073,0.7366977540208874
210,leu_conc,0.8784888702460611,0.3025192966192267
230,leu_conc,0.7681108626784241,0.04341682280050735
250,leu_conc,0.815568329799081,0.10787370733900575
270,leu_conc,0.9163199783116938,0.5064833870247046
285,leu_conc,0.8611901559474534,0.23255304620278427
300,leu_conc,0.8149758479641112,0.10672924050025318
320,leu_conc,0.8498781578791156,0.19413370084902024
340,leu_conc,0.9540021026328838,0.7657237354578866
360,leu_conc,0.9432692020093661,0.674357978449793
380,leu_conc,0.882100327356603,0.31893727642655334
400,leu_conc,0.8692745129097135,0.29484802316012504
420,leu_conc,0.904029522464531,0.43255589529458194
440,leu_conc,0.9925495002999205,0.987816347446326
