subject,time,leu_conc,,
M73,60,121.2918845,,
M73,90,105.2400353,,
M73,120,100.0624314,,
M73,140,95.36418184,,
M73,160,101.8324587,,
M73,180,86.14201851,,
M73,195,363.8285075,,
M73,210,514.1172153,,
M73,230,564.7374821,,
M73,250,493.8280149,,
M73,270,331.2017178,,
M73,285,228.651792,,
M73,300,189.1230859,,
M73,320,117.4294817,,
M73,340,370.4143493,,
M73,360,602.3632953,,
M73,380,595.8368621,,
M73,400,569.354789,,
M73,420,435.836042,,
M73,440,323.9998999,,
M73,460,293.2133616,,
M73,480,250.4256165,,
M73,500,229.8235673,,
M75,60,85.45885893,,
M75,90,86.25500695,,
M75,120,88.45947934,,
M75,140,83.25861291,,
M75,160,88.60651104,,
M75,180,94.39315524,,
M75,195,171.2588834,,
M75,210,673.0144765,,
M75,230,930.9386705,,
M75,250,507.6863458,,
M75,270,439.8249365,,
M75,285,235.5065651,,
M75,300,225.5079875,,
M75,320,195.7255726,,
M75,340,136.2747357,,
M75,360,208.1917569,,
M75,380,1141.754205,,
M75,400,1042.221243,,
M75,420,717.530016,,
M75,440,423.9636691,,
M75,460,309.3828823,,
M75,480,276.9857678,,
M75,500,179.5231824,,
M78,60,99.25484455,,
M78,90,109.4942773,,
M78,120,109.1862068,,
M78,140,106.7252947,,
M78,160,109.964439,,
M78,180,105.6644894,,
M78,195,174.0852209,,
M78,210,509.9973244,,
M78,230,575.2919031,,
M78,250,429.0153602,,
M78,270,465.1939332,,
M78,285,537.8997442,,
M78,300,677.4753062,,
M78,320,971.19266,,
M78,340,1101.067542,,
M78,360,806.824857,,
M78,380,695.3824779,,
M78,400,528.6883602,,
M78,420,444.816477,,
M78,440,286.9302564,,
M78,460,,,
M78,480,,,
M78,500,,,
M72,60,115.2678669,,
M72,90,111.5036142,,
M72,120,153.9816471,,
M72,140,106.9524768,,
M72,160,111.7595107,,
M72,180,112.5477145,,
M72,195,343.8974841,,
M72,210,523.1641693,,
M72,230,718.6077563,,
M72,250,752.3931441,,
M72,270,531.2541335,,
M72,285,338.654432,,
M72,300,219.2969109,,
M72,320,272.3239045,,
M72,340,354.8918994,,
M72,360,666.3941271,,
M72,380,798.3018015,,
M72,400,884.9111387,,
M72,420,923.6367895,,
M72,440,512.7204292,,
M72,460,462.311407,,
M72,480,367.9846278,,
M72,500,283.0435041,,
M76,60,40.80424386,,
M76,90,38.40178951,,
M76,120,36.38090086,,
M76,140,36.1413748,,
M76,160,36.07437513,,
M76,180,36.24594859,,
M76,195,77.80642704,,
M76,210,177.3241081,,
M76,230,195.2688235,,
M76,250,249.3478281,,
M76,270,194.8195891,,
M76,285,87.76554781,,
M76,300,88.14839422,,
M76,320,79.27708738,,
M76,340,290.120864,,
M76,360,183.659929,,
M76,380,301.2843894,,
M76,400,333.6806001,,
M76,420,238.3796109,,
M76,440,110.9689821,,
M76,460,106.4687196,,
M76,480,78.87011961,,
M76,500,75.81056729,,
M71,60,133.5459262,,
M71,90,119.3555939,,
M71,120,119.1095058,,
M71,140,114.1693731,,
M71,160,109.4521037,,
M71,180,112.8110409,,
M71,195,355.3183053,,
M71,210,756.8898407,,
M71,230,679.0802983,,
M71,250,588.4064468,,
M71,270,581.2305293,,
M71,285,628.2892225,,
M71,300,825.1782726,,
M71,320,1000.289563,,
M71,340,841.8560023,,
M71,360,696.3928332,,
M71,380,538.2600058,,
M71,400,455.9179405,,
M71,420,365.2596955,,
M71,440,302.4402773,,
M71,460,251.6022856,,
M71,480,264.5848389,,
M71,500,228.563282,,