subject,time,leu_conc
L01,60,130.7014729
L01,90,136.1868191
L01,120,133.4137991
L01,150,150.8412012
L01,180,143.6978508
L01,195,149.12542
L01,210,214.3606736
L01,230,492.2360165
L01,250,573.9595529
L01,270,510.35904
L01,290,
L01,310,370.8171341
L01,330,308.1039965
L01,350,316.3691812
L01,370,311.7203233
L01,400,376.6143842
L01,420,589.9137822
L01,440,776.0333725
L01,460,643.5203051
L01,480,511.1174818
L01,500,514.7939468
L01,520,475.8114024
L01,540,405.8878755
L01,570,368.9715149
L08,60,
L08,90,92.94298437
L08,120,93.32195025
L08,150,95.44150362
L08,180,93.38487539
L08,195,
L08,210,416.4874322
L08,230,435.5140677
L08,250,340.854664
L08,270,422.0538795
L08,290,375.8510573
L08,310,298.4640077
L08,330,231.9275543
L08,350,182.1276759
L08,370,180.7433862
L08,400,377.3806149
L08,420,550.019857
L08,440,421.5103963
L08,460,493.8260393
L08,480,451.1507149
L08,500,326.8430594
L08,520,274.048844
L08,540,279.5792291
L08,570,249.3464289
L05,60,91.04799246
L05,90,75.86465608
L05,120,70.70060578
L05,150,86.9610873
L05,180,84.97069075
L05,195,95.85945924
L05,210,366.7988626
L05,230,665.9140528
L05,250,500.4065356
L05,270,390.9272048
L05,290,256.6935561
L05,310,206.5227134
L05,330,187.4416698
L05,350,158.9469994
L05,370,153.8806473
L05,400,245.6514475
L05,420,571.7151344
L05,440,698.3931858
L05,460,613.9241671
L05,480,434.6724259
L05,500,324.2936486
L05,520,274.7833246
L05,540,251.8022455
L05,570,247.5310991
L06,60,106.6123525
L06,90,111.896706
L06,120,107.7673362
L06,150,114.0141414
L06,180,116.0554513
L06,195,
L06,210,426.3562025
L06,230,503.4062927
L06,250,416.1323093
L06,270,363.3339746
L06,290,268.4247268
L06,310,247.4926914
L06,330,232.1527878
L06,350,208.4635018
L06,370,197.9483428
L06,400,342.6348253
L06,420,487.3846239
L06,440,607.5028274
L06,460,574.074537
L06,480,455.6731637
L06,500,339.3900417
L06,520,296.8984359
L06,540,270.7901254
L06,570,253.8740756
L02,60,130.4929951
L02,90,127.7118545
L02,120,118.4233234
L02,150,115.4038131
L02,180,119.5563775
L02,195,220.9263152
L02,210,560.5810705
L02,230,614.5161094
L02,250,514.3739691
L02,270,398.5728363
L02,290,299.4412044
L02,310,247.5842959
L02,330,241.9357505
L02,350,205.2988202
L02,370,152.8007294
L02,400,
L02,420,
L02,440,671.3807607
L02,460,537.281827
L02,480,509.9505552
L02,500,418.7995147
L02,520,370.5762705
L02,540,332.2696077
L02,570,290.1786321
L03,60,101.8355199
L03,90,101.6670593
L03,120,102.7141128
L03,150,99.69647383
L03,180,93.39429593
L03,195,96.3363383
L03,210,112.3131527
L03,230,423.7408906
L03,250,575.7967025
L03,270,561.5273544
L03,290,408.4995706
L03,310,322.3239828
L03,330,268.3497291
L03,350,195.1962349
L03,370,
L03,400,
L03,420,
L03,440,
L03,460,712.7910729
L03,480,565.8375166
L03,500,403.575733
L03,520,354.0034196
L03,540,287.6812809
L03,570,238.730008