time,variable,n,mean,sd
60,leu_conc,6,99.271,33.241
90,leu_conc,6,95.042,29.867
120,leu_conc,6,101.197,38.822
140,leu_conc,6,90.435,28.723
160,leu_conc,6,92.948,29.149
180,leu_conc,6,91.301,28.94
195,leu_conc,6,247.699,122.023
210,leu_conc,6,525.751,198.446
230,leu_conc,6,610.654,242.826
250,leu_conc,6,503.446,166.979
270,leu_conc,6,423.921,140.931
285,leu_conc,6,342.795,204.533
300,leu_conc,6,370.788,302.48
320,leu_conc,6,439.373,428.496
340,leu_conc,6,515.771,371.712
360,leu_conc,6,527.304,265.189
380,leu_conc,6,678.47,282.147
400,leu_conc,6,635.796,270.834
420,leu_conc,6,520.91,252.161
440,leu_conc,6,326.837,136.221
460,leu_conc,5,284.596,127.563
480,leu_conc,5,247.77,105.026
500,leu_conc,5,199.353,78.169
