baseline,dip ,peak_window ,post1 ,post2 ,subject,group,post1_time,post2_time,IFI
0.064796883,0.020389311,0.120096955,0.120096955,0.093720334,Early1,Early,180,270,90
0.103210021,0.020896014,0.132797816,0.132797816,0.009516764,Early2,Early,180,270,90
0.057740489,0.03474202,0.027806215,0.027806215,0.094942018,Early3,Early,180,270,90
0.074831627,0.031059293,0.085496181,0.085496181,0.06341968,Early4,Early,180,270,90
0.087748001,0.0549229,0.024034172,0.024034172,0.11908021,Early5,Early,180,270,90
0.063469364,0.085186727,0.109590279,0.109590279,0.052907782,Early6,Early,180,270,90
0.046855127,0.056520177,0.084386101,0.084386101,0.090178025,Early7,Early,180,270,90
0.081749534,0.036133414,0.05403022,0.05403022,0.09506643,Early8,Early,180,270,90
0.086725664,0.04716518,0.127219748,0.038534881,0.089104741,Mid1,Mid,240,330,150
0.09230215,0.07343548,0.114208134,0.029953107,0.113081151,Mid2,Mid,240,330,150
0.059672474,0.006675126,0.074610488,0.084225625,0.061260451,Mid3,Mid,240,330,150
0.092322145,0.014393373,0.089909468,0.109989821,0.094533499,Mid4,Mid,240,330,150
0.062745945,0.035194347,0.090408207,0.060616462,0.049594337,Mid5,Mid,240,330,150
0.064419897,,0.030947948,,0.032158953,Mid6,Mid,240,330,150
0.061450156,0.031678351,0.094846643,0.079709173,0.054485125,Mid7,Mid,240,330,150
0.05467634,0.027466954,0.08805486,0.057089565,0.112962702,Late1,Late,300,390,210
0.071975508,0.006974479,0.093167589,0.0042589,0.055916843,Late2,Late,300,390,210
0.045615607,0.041666752,0.053971876,0.047671587,0.068797326,Late3,Late,300,390,210
0.026942145,0.023792692,0.102465492,0.050277865,0.120617593,Late4,Late,300,390,210
0.047865686,0.075880146,0.068901443,,0.111378367,Late5,Late,300,390,210
0.039191962,0.036788337,0.072362681,0.057052328,0.101734149,Late6,Late,300,390,210
0.062267457,0.029680856,0.022792895,0.018326449,0.068886286,Late7,Late,300,390,210
0.058489199,0.038470474,0.079239851,0.106237662,,Late8,Late,300,390,210