subject,time,fsr,group,time_period
E61,0,0.064796883,Early,Basal
E61,90,0.020389311,Early,0-90
E61,180,0.120096955,Early,90-180
E61,270,0.093720334,Early,180-270
E62,0,0.103210021,Early,Basal
E62,90,0.020896014,Early,0-90
E62,180,0.132797816,Early,90-180
E62,270,0.009516764,Early,180-270
E63,0,0.057740489,Early,Basal
E63,90,0.03474202,Early,0-90
E63,180,0.027806215,Early,90-180
E63,270,0.094942018,Early,180-270
E64,0,0.074831627,Early,Basal
E64,90,0.031059293,Early,0-90
E64,180,0.085496181,Early,90-180
E64,270,0.06341968,Early,180-270
E65,0,0.087748001,Early,Basal
E65,90,0.0549229,Early,0-90
E65,180,0.024034172,Early,90-180
E65,270,0.11908021,Early,180-270
E66,0,0.063469364,Early,Basal
E66,90,0.085186727,Early,0-90
E66,180,0.109590279,Early,90-180
E66,270,0.052907782,Early,180-270
E67,0,0.046855127,Early,Basal
E67,90,0.056520177,Early,0-90
E67,180,0.084386101,Early,90-180
E67,270,0.090178025,Early,180-270
E68,0,0.081749534,Early,Basal
E68,90,0.036133414,Early,0-90
E68,180,0.05403022,Early,90-180
E68,270,0.09506643,Early,180-270