contrast,estimate,SE,df,t.ratio,p.value
Basal - (0-90),0.0422500351756154,0.013189069161277154,22.51808474039421,3.2034129671304377,0.02964810404591145
Basal - (90-180),-0.014644600714285734,0.012548763716496915,22.03997248890653,-1.1670154164297142,0.7694506037330812
Basal - (180-240),0.009835499842282066,0.013189069161277154,22.51808474039421,0.7457311597970006,0.9431767930391516
Basal - (240-330),0.0036314534285714047,0.012548763716496915,22.039972488906507,0.28938734608552763,0.9983446624051824
(0-90) - (90-180),-0.05689463588990114,0.013189069161277154,22.51808474039426,-4.3137718965749805,0.0022539956450622345
(0-90) - (180-240),-0.032414535333333334,0.01355421395536757,22.039972488906553,-2.391472898396807,0.1549528684400978
(0-90) - (240-330),-0.038618581747043995,0.013189069161277154,22.518084740394237,-2.9280748531084653,0.05360912354363878
(90-180) - (180-240),0.0244801005565678,0.013189069161277154,22.51808474039426,1.8560900892415433,0.3682633269739142
(90-180) - (240-330),0.01827605414285714,0.012548763716496913,22.039972488906553,1.456402762515242,0.599714821946428
(180-240) - (240-330),-0.006204046413710662,0.013189069161277156,22.518084740394237,-0.4703930457750285,0.9892861216561872
